use CourseSelect;

INSERT INTO DEPARTMENT 
	VALUES('0713', '计算机学院', '王晓阳'),
		  ('0024', '保密管理学院', '薛向阳'),
		  ('1024', '软件学院', '汪卫');

INSERT INTO STUDENT 
	VALUES('13307130227', '123456', '周吉', '1994-12-09', 'M', '2013', '0713'),
		  ('13307130319', 'qwerty', '梁晓涛', '1994-01-01', 'M', '2013', '1024'),
		  ('13307130000', '123456', '包奇', '1994-01-01', 'F', '2013', '0024'),
		  ('13307130001', '123456', '杜诗晴', '1994-01-01', 'F', '2013', '1024'),
		  ('13307130002', '123456', '刘璐', '1994-01-01', 'F', '2013', '0713'),
		  ('13307130003', '123456', '刘啟萍', '1994-01-01', 'F', '2013', '0024'),
		  ('13307130004', '123456', '史明阳', '1994-01-01', 'F', '2013', '1024'),
		  ('13307130005', '123456', '吴庚遥', '1994-01-01', 'F', '2013', '0713'),
		  ('13307130006', '123456', '夏亦婧', '1994-01-01', 'F', '2013', '0024'),
		  ('13307130007', '123456', '徐佳玮', '1994-01-01', 'F', '2013', '1024'),
		  ('13307130008', '123456', '周星壹', '1994-01-01', 'F', '2013', '0713'),
		  ('13307130009', '123456', '朱天灵', '1994-01-01', 'F', '2013', '0024'),
		  ('13307130010', '123456', '陈蒙', '1994-01-01', 'F', '2013', '1024'),
		  ('13307130011', '123456', '谷秋源', '1994-01-01', 'F', '2013', '0713'),
		  ('13307130012', '123456', '贺茜', '1994-01-01', 'F', '2013', '0024'),
		  ('13307130013', '123456', '胡星阳', '1994-01-01', 'F', '2013', '1024'),
		  ('13307130014', '123456', '李俊楠', '1994-01-01', 'F', '2013', '0713'), 
		  ('13307130015', '123456', '施璇', '1994-01-01', 'F', '2013', '0024'),
		  ('13307130016', '123456', '王冬旭', '1994-01-01', 'F', '2013', '1024'),
		  ('13307130017', '123456', '王昊', '1994-01-01', 'F', '2013', '0713'),
		  ('13307130018', '123456', '吴爽', '1994-01-01', 'F', '2013', '0024'),
		  ('13307130019', '123456', '杨雨曦', '1994-01-01', 'F', '2013', '1024'),
		  ('13307130020', '123456', '冶婷', '1994-01-01', 'F', '2013', '0713'),
		  ('13307130021', '123456', '张远涵', '1994-01-01', 'F', '2013', '0024'),
		  ('13307130022', '123456', '周佳音', '1994-01-01', 'F', '2013', '1024'),
		  ('13307130023', '123456', '曾小方', '1994-01-01', 'F', '2013', '0713'),
		  ('13307130024', '123456', '沈一帆', '1994-01-01', 'F', '2013', '0024'),
		  ('13307130025', '123456', '郑嘉', '1994-01-01', 'F', '2013', '1024'),
		  ('13307130026', '123456', '陈一鸣', '1994-01-01', 'F', '2013', '0713'),
		  ('13307130027', '123456', '陈裕昕', '1994-01-01', 'F', '2013', '0024'),
		  ('13307130028', '123456', '储仲尧', '1994-01-01', 'F', '2013', '1024'),
		  ('13307130029', '123456', '胡旻', '1994-01-01', 'F', '2013', '0713'),
		  ('13307130030', '123456', '黄伟俊', '1994-01-01', 'F', '2013', '0024'),
		  ('13307130031', '123456', '解子傲', '1994-01-01', 'F', '2013', '1024'),
		  ('13307130032', '123456', '赖文星', '1994-01-01', 'F', '2013', '0713'),
		  ('13307130033', '123456', '李惠莹', '1994-01-01', 'F', '2013', '0024'),
		  ('13307130034', '123456', '李明辰', '1994-01-01', 'F', '2013', '1024'),
		  ('13307130035', '123456', '林巍', '1994-01-01', 'F', '2013', '0713'),
		  ('13307130036', '123456', '刘炎明', '1994-01-01', 'F', '2013', '0024'),
		  ('13307130037', '123456', '欧家俊', '1994-01-01', 'F', '2013', '1024'),
		  ('13307130038', '123456', '秦世政', '1994-01-01', 'F', '2013', '0713'),
		  ('13307130039', '123456', '王琳', '1994-01-01', 'F', '2013', '0024'),
		  ('13307130040', '123456', '吴耀波', '1994-01-01', 'F', '2013', '1024'),
		  ('13307130041', '123456', '杨建强', '1994-01-01', 'F', '2013', '0713'),
		  ('13307130042', '123456', '张嘉恺', '1994-01-01', 'F', '2013', '0024'),
		  ('13307130043', '123456', '支政', '1994-01-01', 'F', '2013', '1024'),
		  ('13307130044', '123456', '白帆', '1994-01-01', 'F', '2013', '0713'),
		  ('13307130045', '123456', '鲍天玙', '1994-01-01', 'F', '2013', '0024'),
		  ('13307130046', '123456', '蔡枫', '1994-01-01', 'F', '2013', '1024'),
		  ('13307130047', '123456', '常帅晨', '1994-01-01', 'F', '2013', '0713'),
		  ('13307130048', '123456', '陈力', '1994-01-01', 'F', '2013', '0024'),
		  ('13307130049', '123456', '陈秋羽', '1994-01-01', 'F', '2013', '1024'),
		  ('13307130050', '123456', '代杰', '1994-01-01', 'F', '2013', '0713'),
		  ('13307130051', '123456', '单立人', '1994-01-01', 'F', '2013', '0024'),
		  ('13307130052', '123456', '邓杰耀', '1994-01-01', 'F', '2013', '1024'),
		  ('13307130053', '123456', '丁戍', '1994-01-01', 'F', '2013', '0713'),
		  ('13307130054', '123456', '董秀铭', '1994-01-01', 'F', '2013', '0024'),
		  ('13307130055', '123456', '段伟超', '1994-01-01', 'F', '2013', '1024'),
		  ('13307130056', '123456', '谷伟滔', '1994-01-01', 'F', '2013', '0713'),
		  ('13307130057', '123456', '顾康正', '1994-01-01', 'F', '2013', '0024'),
		  ('13307130058', '123456', '桂宾', '1994-01-01', 'F', '2013', '1024'),
		  ('13307130059', '123456', '何宇超', '1994-01-01', 'F', '2013', '0713'),
		  ('13307130060', '123456', '胡勃峰', '1994-01-01', 'F', '2013', '0024'),
		  ('13307130061', '123456', '黄恒意', '1994-01-01', 'F', '2013', '1024'),
		  ('13307130062', '123456', '黄智行', '1994-01-01', 'F', '2013', '0713'),
		  ('13307130063', '123456', '贾弘', '1994-01-01', 'F', '2013', '0024'),
		  ('13307130064', '123456', '江信舟', '1994-01-01', 'F', '2013', '1024'),
		  ('13307130065', '123456', '金杰', '1994-01-01', 'F', '2013', '0713'),
		  ('13307130066', '123456', '金阳华', '1994-01-01', 'F', '2013', '0024'),
		  ('13307130067', '123456', '李浩田', '1994-01-01', 'F', '2013', '1024'),
		  ('13307130068', '123456', '李金城', '1994-01-01', 'F', '2013', '0713'),
		  ('13307130069', '123456', '李旻骏', '1994-01-01', 'F', '2013', '0024'),
		  ('13307130071', '123456', '梁永清', '1994-01-01', 'F', '2013', '0713'),
		  ('13307130072', '123456', '林楚铭', '1994-01-01', 'F', '2013', '0024'),
		  ('13307130073', '123456', '刘阳', '1994-01-01', 'F', '2013', '1024'),
		  ('13307130074', '123456', '罗艺', '1994-01-01', 'F', '2013', '0713'),
		  ('13307130075', '123456', '马奔', '1994-01-01', 'F', '2013', '0024'),
		  ('13307130076', '123456', '马志豪', '1994-01-01', 'F', '2013', '1024'),
		  ('13307130077', '123456', '秦亿青', '1994-01-01', 'F', '2013', '0713'),
		  ('13307130078', '123456', '石胜娇', '1994-01-01', 'F', '2013', '0024'),
		  ('13307130079', '123456', '苏航', '1994-01-01', 'F', '2013', '1024'),
		  ('13307130080', '123456', '孙勤正', '1994-01-01', 'F', '2013', '0713'),
		  ('13307130081', '123456', '孙世超', '1994-01-01', 'F', '2013', '0024'),
		  ('13307130082', '123456', '孙天宁', '1994-01-01', 'F', '2013', '1024'),
		  ('13307130083', '123456', '唐义祺', '1994-01-01', 'F', '2013', '0713'),
		  ('13307130084', '123456', '万一木', '1994-01-01', 'F', '2013', '0024'),
		  ('13307130085', '123456', '王成亮', '1994-01-01', 'F', '2013', '1024'),
		  ('13307130086', '123456', '王耀辉', '1994-01-01', 'F', '2013', '0713'),
		  ('13307130087', '123456', '王子晗', '1994-01-01', 'F', '2013', '0024'),
		  ('13307130088', '123456', '向杰', '1994-01-01', 'F', '2013', '1024'),
		  ('13307130089', '123456', '肖振宸', '1994-01-01', 'F', '2013', '0713'),
		  ('13307130090', '123456', '玄远', '1994-01-01', 'F', '2013', '0024'),
		  ('13307130091', '123456', '闫根伸', '1994-01-01', 'F', '2013', '1024'),
		  ('13307130092', '123456', '杨皓然', '1994-01-01', 'F', '2013', '0713'),
		  ('13307130093', '123456', '张新宇', '1994-01-01', 'F', '2013', '0024'),
		  ('13307130094', '123456', '张育晨', '1994-01-01', 'F', '2013', '1024'),
		  ('13307130095', '123456', '张子寒', '1994-01-01', 'F', '2013', '0713'),
		  ('13307130096', '123456', '章凌豪', '1994-01-01', 'F', '2013', '0024'),
		  ('13307130097', '123456', '郑师宜', '1994-01-01', 'F', '2013', '1024'),
		  ('13307130098', '123456', '周西友', '1994-01-01', 'F', '2013', '0713'),
		  ('13307130099', '123456', '周小淋', '1994-01-01', 'F', '2013', '0024'),
		  ('13307130100', '123456', '朱东升', '1994-01-01', 'F', '2013', '1024'),
		  ('13307130101', '123456', '比力克亚尔·托胡提', '1994-01-01', 'F', '2013', '0713'),
		  ('13307130102', '123456', '陈爱道', '1994-01-01', 'F', '2013', '0024'),
		  ('13307130103', '123456', '陈绍祥', '1994-01-01', 'F', '2013', '1024'),
		  ('13307130104', '123456', '陈子旸', '1994-01-01', 'F', '2013', '0713'),
		  ('13307130105', '123456', '冯桫', '1994-01-01', 'F', '2013', '0024'),
		  ('13307130106', '123456', '冯煜', '1994-01-01', 'F', '2013', '1024'),
		  ('13307130107', '123456', '韩佳凌', '1994-01-01', 'F', '2013', '0713'),
		  ('13307130108', '123456', '韩佩儒', '1994-01-01', 'F', '2013', '0024'),
		  ('13307130109', '123456', '何新磊', '1994-01-01', 'F', '2013', '1024'),
		  ('13307130110', '123456', '胡继尧', '1994-01-01', 'F', '2013', '0713'),
		  ('13307130111', '123456', '蒋思航', '1994-01-01', 'F', '2013', '0024'),
		  ('13307130112', '123456', '李斯哲', '1994-01-01', 'F', '2013', '1024'),
		  ('13307130113', '123456', '刘玮明', '1994-01-01', 'F', '2013', '0713'),
		  ('13307130114', '123456', '卢皓川', '1994-01-01', 'F', '2013', '0024'),
		  ('13307130115', '123456', '孙靖', '1994-01-01', 'F', '2013', '1024'),
		  ('13307130116', '123456', '万清甫', '1994-01-01', 'F', '2013', '0713'),
		  ('13307130117', '123456', '邢皓明', '1994-01-01', 'F', '2013', '0024'),
		  ('13307130118', '123456', '徐城', '1994-01-01', 'F', '2013', '1024'),
		  ('13307130119', '123456', '徐涣霖', '1994-01-01', 'F', '2013', '0713'),
		  ('13307130120', '123456', '杨越', '1994-01-01', 'F', '2013', '0024'),
		  ('13307130121', '123456', '游沛杰', '1994-01-01', 'F', '2013', '1024'),
		  ('13307130122', '123456', '余潇龙', '1994-01-01', 'F', '2013', '0713'),
		  ('13307130123', '123456', '张博文', '1994-01-01', 'F', '2013', '0024'),
		  ('13307130124', '123456', '张谦', '1994-01-01', 'F', '2013', '1024'),
		  ('13307130126', '123456', '周凯文', '1994-01-01', 'F', '2013', '0024'),
		  ('13307130127', '123456', '茌海', '1994-01-01', 'F', '2013', '1024'),
		  ('13307130128', '123456', '余一夫', '1994-01-01', 'F', '2013', '0713'),
		  ('13307130129', '123456', '程硕', '1994-01-01', 'F', '2013', '0024');


INSERT INTO TEACHER 
	VALUES('100001', '123456', '李一', '1956-12-09', 'M', '教授', '0713'),
	      ('100002', '123456', '王三', '1958-02-19', 'F', '教授', '0713'),
	      ('100003', '123456', '胡四', '1970-10-01', 'F', '副教授', '0024'),
	      ('100004', '123456', '曹二', '1978-01-22', 'M', '讲师', '1024'),
	      ('100005', '123456', '郭晓东', '1970-01-01', 'F', '讲师', '0024'),
          ('100006', '123456', '张倩', '1970-01-01', 'F', '讲师', '1024'),
          ('100007', '123456', '王洋', '1970-01-01', 'F', '讲师', '0713'),
          ('100008', '123456', '张倩', '1970-01-01', 'F', '讲师', '0024'),
          ('100009', '123456', '王洋', '1970-01-01', 'F', '讲师', '1024'),
          ('100010', '123456', '杨福家', '1970-01-01', 'F', '讲师', '0713'),
          ('100011', '123456', '金晓峰', '1970-01-01', 'F', '讲师', '0024'),
          ('100012', '123456', '王薇', '1970-01-01', 'F', '讲师', '1024'),
          ('100013', '123456', '王薇', '1970-01-01', 'F', '讲师', '0713'),
          ('100014', '123456', 'Gaetan', '1970-01-01', 'F', '讲师', '0024'),
          ('100015', '123456', 'Dumoulin', '1970-01-01', 'F', '讲师', '1024'),
          ('100016', '123456', '外教', '1970-01-01', 'F', '讲师', '0713');
          

INSERT INTO ADMIN 
	VALUES('1234567890', '123456', '龚洁', '1990-01-01', 'F');

INSERT INTO COURSE
	VALUES('10001', '数据库', 50, 3, '100001'),
	      ('10002', '离散数学', 50, 3, '100001'),
	      ('10003', '计算机原理', 80, 4, '100003'),
	      ('10004', '算法设计与分析', 80, 4, '100004'),
	      ('10005', '《大学》与《中庸》', 50, 3, '100001'),
          ('10006', '有机化学', 50, 3, '100002'),
          ('10007', '有机化学', 50, 3, '100003'),
          ('10008', '核能导论', 50, 3, '100004'),
          ('10009', '物理学的启示', 50, 3, '100005'),
          ('10010', '学术英语（管理科学）', 50, 3, '100006'),
          ('10011', '学术英语（管理科学）', 50, 3, '100007'),
          ('10012', '法语散文选读', 50, 3, '100008'),
          ('10013', '俄罗斯概况', 50, 3, '100009'),
          ('10014', '文学翻译鉴赏', 50, 3, '100010'),
          ('10015', '科技翻译', 50, 3, '100011'),
          ('10016', '文学研究方法论', 50, 3, '100012'),
          ('10017', '联合国会议口译专题', 50, 3, '100013'),
          ('10018', '电子商务', 50, 3, '100014'),
          ('10019', '营销学基础', 50, 3, '100015'),
          ('10020', '公务员制度', 50, 3, '100016'),
          ('10021', '发展经济学与东亚的实践', 50, 3, '100001'),
          ('10022', '认同与国际关系', 50, 3, '100002'),
          ('10023', '大学英语III', 50, 3, '100003'),
          ('10024', '大学英语III', 50, 3, '100004'),
          ('10025', '大学英语III', 50, 3, '100005'),
          ('10026', '大学英语III', 50, 3, '100006'),
          ('10027', '大学英语III', 50, 3, '100007'),
          ('10028', '公共政策过程分析', 50, 3, '100008'),
          ('10029', '当代中国政治', 50, 3, '100009'),
          ('10030', '社会工作实习(一)', 50, 3, '100010'),
          ('10031', '环境法学', 50, 3, '100011'),
          ('10032', '高速网络处理技术', 50, 3, '100012'),
          ('10033', '电磁波信息科学前沿', 50, 3, '100013'),
          ('10034', '网络科学漫谈', 50, 3, '100014'),
          ('10035', '中级流体力学实验', 50, 3, '100015'),
          ('10036', '地球系统科学与管理', 50, 3, '100016'),
          ('10037', '人类进化', 50, 3, '100001'),
          ('10038', '现代生物科学导论A', 50, 3, '100002'),
          ('10039', '科学与艺术的思维及审美', 50, 3, '100003'),
          ('10040', '大科学、大数据、大生态', 50, 3, '100004'),
          ('10041', '毕业论文(含专题讨论)', 50, 3, '100005'),
          ('10042', '李群在微分方程中的应用', 50, 3, '100006'),
          ('10043', '生活中的材料启示', 50, 3, '100007');
          

INSERT INTO SC 
	VALUES('13307130050', '10001', 80),
          ('13307130001', '10001', 80),
          ('13307130002', '10001', 80),
          ('13307130003', '10001', 80),
          ('13307130004', '10001', 80),
          ('13307130005', '10001', 80),
          ('13307130007', '10001', 80),
          ('13307130008', '10001', 80),
          ('13307130009', '10001', 80),
          ('13307130010', '10001', 80),
          ('13307130011', '10001', 80),
          ('13307130012', '10001', 80),
          ('13307130013', '10001', 80),
          ('13307130014', '10001', 80),
          ('13307130015', '10001', 80),
          ('13307130016', '10001', 80),
          ('13307130017', '10001', 80),
          ('13307130018', '10001', 80),
          ('13307130019', '10001', 80),
          ('13307130020', '10001', 80),
          ('13307130021', '10001', 80),
          ('13307130022', '10001', 80),
          ('13307130023', '10001', 80),
          ('13307130024', '10001', 80),
          ('13307130025', '10001', 80),
          ('13307130026', '10001', 80),
          ('13307130027', '10001', 80),
          ('13307130028', '10001', 80),
          ('13307130029', '10001', 80),
          ('13307130030', '10001', 80),
          ('13307130031', '10001', 80),
          ('13307130032', '10001', 80),
          ('13307130033', '10001', 80),
          ('13307130034', '10001', 80),
          ('13307130035', '10001', 80),
          ('13307130036', '10001', 80),
          ('13307130037', '10001', 80),
          ('13307130038', '10001', 80),
          ('13307130039', '10001', 80),
          ('13307130040', '10001', 80),
          ('13307130041', '10001', 80),
          ('13307130042', '10001', 80),
          ('13307130043', '10001', 80),
          ('13307130044', '10001', 80),
          ('13307130045', '10001', 80),
          ('13307130046', '10001', 80),
          ('13307130047', '10001', 80),
          ('13307130048', '10001', 80),
          ('13307130049', '10001', 80),
          ('13307130030', '10002', 80),
          ('13307130031', '10002', 80),
          ('13307130032', '10002', 80),
          ('13307130033', '10002', 80),
          ('13307130034', '10002', 80),
          ('13307130035', '10002', 80),
          ('13307130036', '10002', 80),
          ('13307130037', '10002', 80),
          ('13307130038', '10002', 80),
          ('13307130039', '10002', 80),
          ('13307130040', '10002', 80),
          ('13307130041', '10002', 80),
          ('13307130042', '10002', 80),
          ('13307130043', '10002', 80),
          ('13307130044', '10002', 80),
          ('13307130045', '10002', 80),
          ('13307130046', '10002', 80),
          ('13307130047', '10002', 80),
          ('13307130048', '10002', 80),
          ('13307130049', '10002', 80),
		  ('13307130319', '10001', 80),
		  ('13307130319', '10002', 80),
		  ('13307130319', '10003', 80);

INSERT INTO CSCHEDULE
	VALUES('10001', 'FRI 6-8', 'Z2311'),
	      ('10002', 'MON 3-4', 'Z2201'),
	      ('10002', 'MON 6-7', 'Z2301'),
	      ('10003', 'TUE 6-8', 'Z2101'),
	      ('10004', 'FRI 7-8', 'Z2101'),
	      ('10004', 'MON 7-8', 'Z2101');

